threshold,precision_good_fit,recall_good_fit,f1_good_fit,accuracy
0.3,0.7122302158273381,0.8714788732394366,0.7838479809976246,0.818
0.35,0.7382039573820396,0.8538732394366197,0.7918367346938775,0.83
0.4,0.7821782178217822,0.8345070422535211,0.807495741056218,0.8493333333333334
0.45,0.7958477508650519,0.8098591549295775,0.8027923211169284,0.8493333333333334
0.5,0.8170055452865065,0.778169014084507,0.7971145175834085,0.85
0.55,0.8244274809160306,0.7605633802816901,0.7912087912087912,0.848
0.6,0.8464646464646465,0.7376760563380281,0.7883349012229539,0.85
0.65,0.8662420382165605,0.7183098591549296,0.7853705486044273,0.8513333333333334
0.7,0.8803611738148984,0.6866197183098591,0.771513353115727,0.846
